<?xml version="1.0" encoding="UTF-8" ?>
<application xmlns="http://www.eplunum.com/schema/application/1.0" name="infinite-loop" extension="javascript">
  <variable name="x" type="dynamic" multi="false"/>
  <responder auto-start="true">
    <execute name="assign" index="0">
      <arg name="name" value="x"/>
      <arg name="value" value="0"/>
    </execute>
    <execute name="while" index="1">
      <arg name="condition" value="true"/>
      <block index="0">
        <execute name="sleep" index="0">
          <arg name="duration" value="1000"/>
        </execute>
        <execute name="print" index="1">
          <arg name="str">
            <evaluate name="+">
              <arg name="a" value="&quot;Counter = &quot;"/>
              <arg name="b" value="${x}"/>
            </evaluate>
          </arg>
        </execute>
        <execute name="++" index="2">
          <arg name="name" value="x"/>
        </execute>
      </block>
    </execute>
  </responder>
</application>
